symbol,name,date,raw_open,raw_high,raw_low,raw_close,expected_qfq_open,expected_qfq_high,expected_qfq_low,expected_qfq_close,tdx_qfq_open,tdx_qfq_high,tdx_qfq_low,tdx_qfq_close,result,note
sh600519,贵州茅台,2025-06-24,1423.35,1451.68,1423.35,1437.2,1343.6958,1372.0258,1343.6958,1357.5458,1343.7,1372.03,1343.7,1357.55,PASS,通达信高级导出，前复权，价格显示精度 0.01 元
sh600519,贵州茅台,2025-06-25,1439.11,1449.2,1420.51,1435.86,1359.4558,1369.5458,1340.8558,1356.2058,1359.46,1369.55,1340.86,1356.21,PASS,通达信高级导出，前复权，价格显示精度 0.01 元
sh600519,贵州茅台,2025-06-26,1415,1428,1410.08,1420,1363.0188,1376.0188,1358.0988,1368.0188,1363.02,1376.02,1358.1,1368.02,PASS,通达信高级导出，前复权，价格显示精度 0.01 元
sh600519,贵州茅台,2025-06-27,1420.01,1423,1403.09,1403.09,1368.0288,1371.0188,1351.1088,1351.1088,1368.03,1371.02,1351.11,1351.11,PASS,通达信高级导出，前复权，价格显示精度 0.01 元
sh600519,贵州茅台,2025-06-30,1403.5,1413.23,1402,1409.52,1351.5188,1361.2488,1350.0188,1357.5388,1351.52,1361.25,1350.02,1357.54,PASS,通达信高级导出，前复权，价格显示精度 0.01 元
sh600519,贵州茅台,2025-12-17,1425,1439.94,1417.68,1433.1,1373.0188,1387.9588,1365.6988,1381.1188,1373.02,1387.96,1365.7,1381.12,PASS,通达信高级导出，前复权，价格显示精度 0.01 元
sh600519,贵州茅台,2025-12-18,1433.5,1438.88,1426.11,1431,1381.5188,1386.8988,1374.1288,1379.0188,1381.52,1386.9,1374.13,1379.02,PASS,通达信高级导出，前复权，价格显示精度 0.01 元
sh600519,贵州茅台,2025-12-19,1410,1412.45,1401.01,1410,1381.9758,1384.4258,1372.9858,1381.9758,1381.98,1384.43,1372.99,1381.98,PASS,通达信高级导出，前复权，价格显示精度 0.01 元
sh600519,贵州茅台,2025-12-22,1410,1414.14,1406.58,1408.26,1381.9758,1386.1158,1378.5558,1380.2358,1381.98,1386.12,1378.56,1380.24,PASS,通达信高级导出，前复权，价格显示精度 0.01 元
sh600519,贵州茅台,2025-12-23,1408.26,1412.93,1397.19,1407.86,1380.2358,1384.9058,1369.1658,1379.8358,1380.24,1384.91,1369.17,1379.84,PASS,通达信高级导出，前复权，价格显示精度 0.01 元
sh600519,贵州茅台,2026-06-24,1222.65,1241.87,1207.51,1207.68,1194.6258,1213.8458,1179.4858,1179.6558,1194.63,1213.85,1179.49,1179.66,PASS,通达信高级导出，前复权，价格显示精度 0.01 元
sh600519,贵州茅台,2026-06-25,1207,1227,1200,1212.1,1178.9758,1198.9758,1171.9758,1184.0758,1178.98,1198.98,1171.98,1184.08,PASS,通达信高级导出，前复权，价格显示精度 0.01 元
sh600519,贵州茅台,2026-06-26,1199,1199,1168.1,1168.63,1199,1199,1168.1,1168.63,1199,1199,1168.1,1168.63,PASS,通达信高级导出，前复权，价格显示精度 0.01 元
sh600519,贵州茅台,2026-06-29,1169,1215,1151.01,1194.96,1169,1215,1151.01,1194.96,1169,1215,1151.01,1194.96,PASS,通达信高级导出，前复权，价格显示精度 0.01 元
sh600519,贵州茅台,2026-06-30,1187,1195.67,1176,1185.49,1187,1195.67,1176,1185.49,1187,1195.67,1176,1185.49,PASS,通达信高级导出，前复权，价格显示精度 0.01 元
